rotation	id	translation	layers	rA	rB	vertices	edges	cross_edges	status	seconds
w[3]	w_3_25b1c470a651	((Fraction(-1, 2), Fraction(0, 1), Fraction(0, 1), Fraction(0, 1)), (Fraction(0, 1), Fraction(1, 6), Fraction(0, 1), Fraction(0, 1)))	3	1.6	1.6	2112	14623	15082	SAT	0.681
w[3]~	w_3~_25b1c470a651	((Fraction(-1, 2), Fraction(0, 1), Fraction(0, 1), Fraction(0, 1)), (Fraction(0, 1), Fraction(1, 6), Fraction(0, 1), Fraction(0, 1)))	3	1.6	1.6	2112	14623	15082	SAT	0.696
w[3]^2	w_3^2_b92782c79b7b	((Fraction(-1, 2), Fraction(0, 1), Fraction(0, 1), Fraction(0, 1)), (Fraction(0, 1), Fraction(-1, 6), Fraction(0, 1), Fraction(0, 1)))	3	1.6	1.6	2112	14623	15082	SAT	0.686
w[3]	w_3_d8eaf409ee6a	((Fraction(1, 6), Fraction(0, 1), Fraction(0, 1), Fraction(0, 1)), (Fraction(0, 1), Fraction(0, 1), Fraction(-1, 6), Fraction(0, 1)))	3	1.6	1.6	2142	14917	14408	SAT	0.735
w[3]~	w_3~_e471ed8cf53f	((Fraction(1, 12), Fraction(0, 1), Fraction(0, 1), Fraction(-1, 12)), (Fraction(0, 1), Fraction(1, 12), Fraction(1, 12), Fraction(0, 1)))	3	1.6	1.6	2142	14917	14408	SAT	0.713
w[3]^2	w_3^2_36b9850f32ba	((Fraction(1, 12), Fraction(0, 1), Fraction(0, 1), Fraction(1, 12)), (Fraction(0, 1), Fraction(1, 12), Fraction(-1, 12), Fraction(0, 1)))	3	1.6	1.6	2142	14917	14408	SAT	0.727
w[3]	w_3_93146baa074e	((Fraction(-1, 6), Fraction(0, 1), Fraction(0, 1), Fraction(0, 1)), (Fraction(0, 1), Fraction(0, 1), Fraction(-1, 6), Fraction(0, 1)))	3	1.6	1.6	2142	14917	14408	SAT	0.689
w[3]~	w_3~_43231d89635f	((Fraction(-1, 12), Fraction(0, 1), Fraction(0, 1), Fraction(1, 12)), (Fraction(0, 1), Fraction(1, 12), Fraction(1, 12), Fraction(0, 1)))	3	1.6	1.6	2142	14917	14408	SAT	0.724
w[3]^2	w_3^2_8246845d897b	((Fraction(1, 6), Fraction(0, 1), Fraction(0, 1), Fraction(0, 1)), (Fraction(0, 1), Fraction(0, 1), Fraction(1, 6), Fraction(0, 1)))	3	1.6	1.6	2142	14917	14408	SAT	0.706
w[33]~	w_33~_d4f0f303fc4f	((Fraction(283, 204), Fraction(0, 1), Fraction(0, 1), Fraction(-49, 204)), (Fraction(11, 34), Fraction(1, 12), Fraction(-1, 12), Fraction(-1, 34)))	3	1.6	1.6	2881	17244	60	SAT	1.324
w[33]	w_33_c88821eb4948	((Fraction(283, 204), Fraction(0, 1), Fraction(0, 1), Fraction(-49, 204)), (Fraction(-11, 34), Fraction(1, 12), Fraction(-1, 12), Fraction(1, 34)))	3	1.6	1.6	2881	17244	60	SAT	1.325
w[33]^2	w_33^2_f905859c0ce9	((Fraction(4517, 3468), Fraction(0, 1), Fraction(0, 1), Fraction(-245, 1156)), (Fraction(-176, 289), Fraction(1, 12), Fraction(-1, 12), Fraction(16, 289)))	3	1.6	1.6	2881	17244	60	SAT	1.258
w[3]	w_3_e471ed8cf53f	((Fraction(1, 12), Fraction(0, 1), Fraction(0, 1), Fraction(-1, 12)), (Fraction(0, 1), Fraction(1, 12), Fraction(1, 12), Fraction(0, 1)))	3	1.6	1.6	2142	14917	14408	SAT	0.691
w[3]~	w_3~_d8eaf409ee6a	((Fraction(1, 6), Fraction(0, 1), Fraction(0, 1), Fraction(0, 1)), (Fraction(0, 1), Fraction(0, 1), Fraction(-1, 6), Fraction(0, 1)))	3	1.6	1.6	2142	14917	14408	SAT	0.695
t28	t28_0b160a3f2b8f	((Fraction(473, 336), Fraction(0, 1), Fraction(0, 1), Fraction(-83, 336), Fraction(0, 1), Fraction(0, 1), Fraction(0, 1), Fraction(0, 1)), (Fraction(0, 1), Fraction(1, 12), Fraction(-1, 12), Fraction(0, 1), Fraction(0, 1), Fraction(1, 112), Fraction(-1, 112), Fraction(0, 1)))	3	1.6	1.6	2881	17244	60	SAT	1.640
w[3]^2	w_3^2_d62e9dd608a8	((Fraction(1, 3), Fraction(0, 1), Fraction(0, 1), Fraction(0, 1)), (Fraction(0, 1), Fraction(1, 6), Fraction(-1, 6), Fraction(0, 1)))	3	1.6	1.6	2142	14676	13758	SAT	0.886
w[33]~	w_33~_e02fa7194d8c	((Fraction(-11, 68), Fraction(-11, 204), Fraction(-1, 68), Fraction(11, 68)), (Fraction(-11, 68), Fraction(1, 204), Fraction(1, 204), Fraction(1, 204)))	3	1.6	1.6	2881	17244	60	SAT	1.501
w[33]	w_33_f02aef4aae99	((Fraction(-11, 68), Fraction(11, 204), Fraction(1, 68), Fraction(11, 68)), (Fraction(11, 68), Fraction(1, 204), Fraction(1, 204), Fraction(-1, 204)))	3	1.6	1.6	2881	17244	60	SAT	1.565
w[33]^2	w_33^2_cf2f952248ce	((Fraction(-128, 867), Fraction(88, 867), Fraction(8, 289), Fraction(128, 867)), (Fraction(88, 289), Fraction(11, 578), Fraction(11, 578), Fraction(-8, 867)))	3	1.6	1.6	2881	17244	60	SAT	1.588
t28	t28_5e35e7e530c8	((Fraction(-37, 224), Fraction(0, 1), Fraction(0, 1), Fraction(37, 224), Fraction(1, 224), Fraction(0, 1), Fraction(0, 1), Fraction(1, 672)), (Fraction(0, 1), Fraction(1, 672), Fraction(1, 672), Fraction(0, 1), Fraction(0, 1), Fraction(-1, 672), Fraction(1, 224), Fraction(0, 1)))	3	1.6	1.6	2881	17244	60	SAT	1.887
w[33]	w_33_86376436fdca	((Fraction(-109, 204), Fraction(-11, 102), Fraction(1, 34), Fraction(5, 68)), (Fraction(11, 34), Fraction(19, 204), Fraction(-19, 204), Fraction(-5, 102)))	3	1.6	1.6	2881	17244	60	SAT	1.262
w[33]~	w_33~_0be71072fa7e	((Fraction(-109, 204), Fraction(11, 102), Fraction(-1, 34), Fraction(5, 68)), (Fraction(-11, 34), Fraction(19, 204), Fraction(-19, 204), Fraction(5, 102)))	3	1.6	1.6	2881	17244	60	SAT	1.602
w[33]^2	w_33^2_f9fb055efec4	((Fraction(-1363, 3468), Fraction(-176, 867), Fraction(16, 289), Fraction(157, 3468)), (Fraction(176, 289), Fraction(421, 3468), Fraction(-421, 3468), Fraction(-80, 867)))	3	1.6	1.6	2881	17244	60	SAT	1.331
t28	t28_1c6a9f56939c	((Fraction(-191, 336), Fraction(0, 1), Fraction(0, 1), Fraction(9, 112), Fraction(1, 112), Fraction(0, 1), Fraction(0, 1), Fraction(-1, 336)), (Fraction(0, 1), Fraction(29, 336), Fraction(-29, 336), Fraction(0, 1), Fraction(0, 1), Fraction(-5, 336), Fraction(1, 112), Fraction(0, 1)))	3	1.6	1.6	2881	17244	60	SAT	1.686
w[33]	w_33_cfc086fdad51	((Fraction(-61, 51), Fraction(-11, 204), Fraction(1, 68), Fraction(4, 51)), (Fraction(11, 68), Fraction(-25, 102), Fraction(25, 102), Fraction(-11, 204)))	3	1.6	1.6	2881	17244	54	SAT	1.365
w[33]~	w_33~_60739a092cb2	((Fraction(-61, 51), Fraction(11, 204), Fraction(-1, 68), Fraction(4, 51)), (Fraction(-11, 68), Fraction(-25, 102), Fraction(25, 102), Fraction(11, 204)))	3	1.6	1.6	2881	17244	54	SAT	1.330
w[33]^2	w_33^2_23a4e042fe1e	((Fraction(-1203, 1156), Fraction(-88, 867), Fraction(8, 289), Fraction(223, 3468)), (Fraction(88, 289), Fraction(-267, 1156), Fraction(267, 1156), Fraction(-88, 867)))	3	1.6	1.6	2881	17244	54	SAT	1.478
t28	t28_08e7f4610f66	((Fraction(-829, 672), Fraction(0, 1), Fraction(0, 1), Fraction(55, 672), Fraction(1, 224), Fraction(0, 1), Fraction(0, 1), Fraction(-1, 672)), (Fraction(0, 1), Fraction(-167, 672), Fraction(167, 672), Fraction(0, 1), Fraction(0, 1), Fraction(-11, 672), Fraction(1, 224), Fraction(0, 1)))	3	1.6	1.6	2881	17244	54	SAT	1.819
w[5]	w_5_70f460b40185	((Fraction(-5, 36), Fraction(0, 1), Fraction(0, 1), Fraction(1, 36), Fraction(0, 1), Fraction(5, 36), Fraction(1, 36), Fraction(0, 1)), (Fraction(0, 1), Fraction(1, 36), Fraction(-1, 36), Fraction(0, 1), Fraction(1, 36), Fraction(0, 1), Fraction(0, 1), Fraction(1, 36)))	3	1.6	1.6	2881	17248	64	SAT	1.576
w[5]^2	w_5^2_1bf6c6236807	((Fraction(31, 36), Fraction(0, 1), Fraction(0, 1), Fraction(0, 1), Fraction(0, 1), Fraction(-7, 108), Fraction(0, 1), Fraction(0, 1)), (Fraction(0, 1), Fraction(1, 12), Fraction(2, 9), Fraction(0, 1), Fraction(-1, 12), Fraction(0, 1), Fraction(0, 1), Fraction(-2, 27)))	3	1.6	1.6	2881	17244	60	SAT	1.513
w[5]~	w_5~_616f3b732cf8	((Fraction(-5, 36), Fraction(0, 1), Fraction(0, 1), Fraction(-1, 36), Fraction(0, 1), Fraction(5, 36), Fraction(-1, 36), Fraction(0, 1)), (Fraction(0, 1), Fraction(1, 36), Fraction(1, 36), Fraction(0, 1), Fraction(1, 36), Fraction(0, 1), Fraction(0, 1), Fraction(-1, 36)))	3	1.6	1.6	2881	17248	64	SAT	1.678
w[5]	w_5_00fb9dff478f	((Fraction(5, 4), Fraction(0, 1), Fraction(0, 1), Fraction(0, 1), Fraction(0, 1), Fraction(-7, 36), Fraction(0, 1), Fraction(0, 1)), (Fraction(0, 1), Fraction(1, 12), Fraction(1, 6), Fraction(0, 1), Fraction(-1, 12), Fraction(0, 1), Fraction(0, 1), Fraction(-1, 18)))	3	1.6	1.6	2881	17247	63	SAT	1.583
w[5]^2	w_5^2_306ab6ef10da	((Fraction(-2, 27), Fraction(0, 1), Fraction(0, 1), Fraction(1, 27), Fraction(0, 1), Fraction(2, 27), Fraction(1, 27), Fraction(0, 1)), (Fraction(0, 1), Fraction(5, 54), Fraction(-1, 27), Fraction(0, 1), Fraction(5, 54), Fraction(0, 1), Fraction(0, 1), Fraction(1, 27)))	3	1.6	1.6	2881	17244	60	SAT	1.606
w[5]~	w_5~_654a73c40bdd	((Fraction(5, 4), Fraction(0, 1), Fraction(0, 1), Fraction(0, 1), Fraction(0, 1), Fraction(-7, 36), Fraction(0, 1), Fraction(0, 1)), (Fraction(0, 1), Fraction(1, 12), Fraction(-1, 6), Fraction(0, 1), Fraction(-1, 12), Fraction(0, 1), Fraction(0, 1), Fraction(1, 18)))	3	1.6	1.6	2881	17247	63	SAT	1.566
w[5]	w_5_731b067a614d	((Fraction(-11, 36), Fraction(0, 1), Fraction(0, 1), Fraction(1, 18), Fraction(0, 1), Fraction(1, 36), Fraction(-1, 18), Fraction(0, 1)), (Fraction(0, 1), Fraction(5, 36), Fraction(-5, 18), Fraction(0, 1), Fraction(-5, 36), Fraction(0, 1), Fraction(0, 1), Fraction(1, 18)))	3	1.6	1.6	2881	17247	63	SAT	1.610
w[5]^2	w_5^2_3c40e5d1892e	((Fraction(37, 108), Fraction(0, 1), Fraction(0, 1), Fraction(2, 27), Fraction(0, 1), Fraction(-11, 108), Fraction(-2, 27), Fraction(0, 1)), (Fraction(0, 1), Fraction(29, 108), Fraction(-10, 27), Fraction(0, 1), Fraction(-29, 108), Fraction(0, 1), Fraction(0, 1), Fraction(2, 27)))	3	1.6	1.6	2881	17244	60	SAT	1.559
w[5]~	w_5~_6d376184a642	((Fraction(-11, 36), Fraction(0, 1), Fraction(0, 1), Fraction(-1, 18), Fraction(0, 1), Fraction(1, 36), Fraction(1, 18), Fraction(0, 1)), (Fraction(0, 1), Fraction(5, 36), Fraction(5, 18), Fraction(0, 1), Fraction(-5, 36), Fraction(0, 1), Fraction(0, 1), Fraction(-1, 18)))	3	1.6	1.6	2881	17247	63	SAT	1.647
w[55]	w_55_cf9637424c62	((Fraction(-25, 16), Fraction(-5, 336), Fraction(0, 1), Fraction(0, 1), Fraction(1, 112), Fraction(29, 336), Fraction(0, 1), Fraction(0, 1)), (Fraction(-1, 48), Fraction(191, 336), Fraction(0, 1), Fraction(0, 1), Fraction(-27, 112), Fraction(-1, 336), Fraction(0, 1), Fraction(0, 1)))	3	1.6	1.6	2881	8622	30	SAT	0.696
w[55]~	w_55~_05b8313327c8	((Fraction(-25, 16), Fraction(5, 336), Fraction(0, 1), Fraction(0, 1), Fraction(-1, 112), Fraction(29, 336), Fraction(0, 1), Fraction(0, 1)), (Fraction(1, 48), Fraction(191, 336), Fraction(0, 1), Fraction(0, 1), Fraction(-27, 112), Fraction(1, 336), Fraction(0, 1), Fraction(0, 1)))	3	1.6	1.6	2881	8622	30	SAT	0.666
w[5]	w_5_c4f085bc390b	((Fraction(-17, 18), Fraction(0, 1), Fraction(0, 1), Fraction(1, 36), Fraction(0, 1), Fraction(1, 18), Fraction(-1, 36), Fraction(0, 1)), (Fraction(0, 1), Fraction(-2, 9), Fraction(-11, 36), Fraction(0, 1), Fraction(2, 9), Fraction(0, 1), Fraction(0, 1), Fraction(1, 36)))	3	1.6	1.6	2881	17249	59	SAT	1.566
w[55]	w_55_af7a3977a4a3	((Fraction(-83, 168), Fraction(-1, 168), Fraction(0, 1), Fraction(0, 1), Fraction(-1, 84), Fraction(0, 1), Fraction(0, 1), Fraction(0, 1)), (Fraction(-1, 168), Fraction(37, 56), Fraction(0, 1), Fraction(0, 1), Fraction(13, 84), Fraction(0, 1), Fraction(0, 1), Fraction(0, 1)))	3	1.6	1.6	2881	8622	30	SAT	0.689
w[5]^2	w_5^2_b590b84bd8ad	((Fraction(-25, 108), Fraction(0, 1), Fraction(0, 1), Fraction(1, 27), Fraction(0, 1), Fraction(-1, 108), Fraction(-1, 27), Fraction(0, 1)), (Fraction(0, 1), Fraction(-17, 108), Fraction(-11, 27), Fraction(0, 1), Fraction(17, 108), Fraction(0, 1), Fraction(0, 1), Fraction(1, 27)))	3	1.6	1.6	2881	17244	54	SAT	1.689
w[55]~	w_55~_dde408244934	((Fraction(-83, 168), Fraction(1, 168), Fraction(0, 1), Fraction(0, 1), Fraction(1, 84), Fraction(0, 1), Fraction(0, 1), Fraction(0, 1)), (Fraction(1, 168), Fraction(37, 56), Fraction(0, 1), Fraction(0, 1), Fraction(13, 84), Fraction(0, 1), Fraction(0, 1), Fraction(0, 1)))	3	1.6	1.6	2881	8622	30	SAT	0.775
w[55]^2	w_55^2_69f1bd25dcb7	((Fraction(-15, 56), Fraction(-45, 1568), Fraction(0, 1), Fraction(0, 1), Fraction(27, 1568), Fraction(13, 168), Fraction(0, 1), Fraction(0, 1)), (Fraction(27, 1568), Fraction(31, 56), Fraction(0, 1), Fraction(0, 1), Fraction(-13, 56), Fraction(9, 1568), Fraction(0, 1), Fraction(0, 1)))	3	1.6	1.6	2881	8622	31	SAT	0.833
w[5]~	w_5~_1c5f0c0f5325	((Fraction(-17, 18), Fraction(0, 1), Fraction(0, 1), Fraction(-1, 36), Fraction(0, 1), Fraction(1, 18), Fraction(1, 36), Fraction(0, 1)), (Fraction(0, 1), Fraction(-2, 9), Fraction(11, 36), Fraction(0, 1), Fraction(2, 9), Fraction(0, 1), Fraction(0, 1), Fraction(-1, 36)))	3	1.6	1.6	2881	17249	59	SAT	1.789
t28~	t28~_87ab9fa25f24	((Fraction(473, 336), Fraction(0, 1), Fraction(0, 1), Fraction(-83, 336), Fraction(0, 1), Fraction(0, 1), Fraction(0, 1), Fraction(0, 1)), (Fraction(0, 1), Fraction(1, 12), Fraction(-1, 12), Fraction(0, 1), Fraction(0, 1), Fraction(-1, 112), Fraction(1, 112), Fraction(0, 1)))	3	1.6	1.6	2881	17244	60	SAT	1.643
w[55]	w_55_1b3a7d15576a	((Fraction(599, 336), Fraction(1, 48), Fraction(0, 1), Fraction(0, 1), Fraction(-1, 336), Fraction(-55, 336), Fraction(0, 1), Fraction(0, 1)), (Fraction(17, 336), Fraction(-7, 48), Fraction(0, 1), Fraction(0, 1), Fraction(-19, 112), Fraction(-1, 336), Fraction(0, 1), Fraction(0, 1)))	3	1.6	1.6	2881	8622	30	SAT	0.953
w[55]~	w_55~_92d872b78d9b	((Fraction(599, 336), Fraction(-1, 48), Fraction(0, 1), Fraction(0, 1), Fraction(1, 336), Fraction(-55, 336), Fraction(0, 1), Fraction(0, 1)), (Fraction(-17, 336), Fraction(-7, 48), Fraction(0, 1), Fraction(0, 1), Fraction(-19, 112), Fraction(1, 336), Fraction(0, 1), Fraction(0, 1)))	3	1.6	1.6	2881	8622	30	SAT	0.867
w[55]^2	w_55^2_c10741b8d2c9	((Fraction(15, 28), Fraction(27, 392), Fraction(0, 1), Fraction(0, 1), Fraction(-9, 784), Fraction(-1, 14), Fraction(0, 1), Fraction(0, 1)), (Fraction(9, 196), Fraction(-71, 84), Fraction(0, 1), Fraction(0, 1), Fraction(5, 21), Fraction(-9, 784), Fraction(0, 1), Fraction(0, 1)))	3	1.6	1.6	2881	8622	31	SAT	0.910
w[55]	w_55_a3b8d34c1fbb	((Fraction(-23, 28), Fraction(-1, 84), Fraction(0, 1), Fraction(0, 1), Fraction(0, 1), Fraction(0, 1), Fraction(0, 1), Fraction(0, 1)), (Fraction(-1, 84), Fraction(41, 84), Fraction(0, 1), Fraction(0, 1), Fraction(0, 1), Fraction(0, 1), Fraction(0, 1), Fraction(0, 1)))	3	1.6	1.6	2881	8622	30	SAT	0.671
w[55]~	w_55~_346fd4abbdfc	((Fraction(-23, 28), Fraction(1, 84), Fraction(0, 1), Fraction(0, 1), Fraction(0, 1), Fraction(0, 1), Fraction(0, 1), Fraction(0, 1)), (Fraction(1, 84), Fraction(41, 84), Fraction(0, 1), Fraction(0, 1), Fraction(0, 1), Fraction(0, 1), Fraction(0, 1), Fraction(0, 1)))	3	1.6	1.6	2881	8622	30	SAT	0.655
w[55]^2	w_55^2_f89372e6f4a7	((Fraction(-19, 14), Fraction(9, 784), Fraction(0, 1), Fraction(0, 1), Fraction(-9, 392), Fraction(1, 12), Fraction(0, 1), Fraction(0, 1)), (Fraction(-45, 784), Fraction(-4, 7), Fraction(0, 1), Fraction(0, 1), Fraction(11, 28), Fraction(0, 1), Fraction(0, 1), Fraction(0, 1)))	3	1.6	1.6	2881	8622	31	SAT	0.724
t28~	t28~_dee6b9ace5f0	((Fraction(-37, 224), Fraction(0, 1), Fraction(0, 1), Fraction(37, 224), Fraction(-1, 224), Fraction(0, 1), Fraction(0, 1), Fraction(-1, 672)), (Fraction(0, 1), Fraction(1, 672), Fraction(1, 672), Fraction(0, 1), Fraction(0, 1), Fraction(1, 672), Fraction(-1, 224), Fraction(0, 1)))	3	1.6	1.6	2881	17244	60	SAT	1.861
w[55]^2	w_55^2_537d8ecb4b89	((Fraction(101, 84), Fraction(0, 1), Fraction(0, 1), Fraction(0, 1), Fraction(9, 392), Fraction(-1, 12), Fraction(0, 1), Fraction(0, 1)), (Fraction(9, 196), Fraction(5, 12), Fraction(0, 1), Fraction(0, 1), Fraction(-11, 28), Fraction(0, 1), Fraction(0, 1), Fraction(0, 1)))	3	1.6	1.6	2881	8622	31	SAT	0.752
t28~	t28~_ede582203ea5	((Fraction(-191, 336), Fraction(0, 1), Fraction(0, 1), Fraction(9, 112), Fraction(-1, 112), Fraction(0, 1), Fraction(0, 1), Fraction(1, 336)), (Fraction(0, 1), Fraction(29, 336), Fraction(-29, 336), Fraction(0, 1), Fraction(0, 1), Fraction(5, 336), Fraction(-1, 112), Fraction(0, 1)))	3	1.6	1.6	2881	17244	60	SAT	1.599
t28~	t28~_2a3f2f9ea8e6	((Fraction(-829, 672), Fraction(0, 1), Fraction(0, 1), Fraction(55, 672), Fraction(-1, 224), Fraction(0, 1), Fraction(0, 1), Fraction(1, 672)), (Fraction(0, 1), Fraction(-167, 672), Fraction(167, 672), Fraction(0, 1), Fraction(0, 1), Fraction(11, 672), Fraction(-1, 224), Fraction(0, 1)))	3	1.6	1.6	2881	17244	54	SAT	1.699
w[11]~	w_11~_bb0d664eed47	((Fraction(5, 12), Fraction(0, 1), Fraction(0, 1), Fraction(-1, 36)), (Fraction(0, 1), Fraction(-5, 36), Fraction(-1, 12), Fraction(0, 1)))	3	1.6	1.6	2731	17107	3713	SAT	0.790
w[11]	w_11_0df7c917e735	((Fraction(0, 1), Fraction(0, 1), Fraction(0, 1), Fraction(-1, 18)), (Fraction(0, 1), Fraction(5, 18), Fraction(0, 1), Fraction(0, 1)))	3	1.6	1.6	2731	17107	3713	SAT	0.846
w[11]^2	w_11^2_00b9e2836230	((Fraction(0, 1), Fraction(0, 1), Fraction(0, 1), Fraction(1, 18)), (Fraction(0, 1), Fraction(-5, 18), Fraction(0, 1), Fraction(0, 1)))	3	1.6	1.6	2858	17308	740	SAT	0.865
w[11]~	w_11~_a3b68b9e66c5	((Fraction(5, 12), Fraction(0, 1), Fraction(0, 1), Fraction(-1, 12)), (Fraction(0, 1), Fraction(1, 4), Fraction(-1, 12), Fraction(0, 1)))	3	1.6	1.6	2720	16842	3486	SAT	0.804
w[11]	w_11_dbf1c7af8cef	((Fraction(-11, 12), Fraction(0, 1), Fraction(0, 1), Fraction(1, 12)), (Fraction(0, 1), Fraction(1, 12), Fraction(-1, 12), Fraction(0, 1)))	3	1.6	1.6	2724	16926	3674	SAT	0.846
w[11]^2	w_11^2_8ce10cf4ea63	((Fraction(-5, 12), Fraction(0, 1), Fraction(0, 1), Fraction(-7, 108)), (Fraction(0, 1), Fraction(-1, 108), Fraction(-1, 12), Fraction(0, 1)))	3	1.6	1.6	2865	17318	598	SAT	0.839
w[11]~	w_11~_56c291d5b851	((Fraction(-1, 12), Fraction(0, 1), Fraction(0, 1), Fraction(1, 36)), (Fraction(0, 1), Fraction(-13, 36), Fraction(-1, 12), Fraction(0, 1)))	3	1.6	1.6	2754	17292	3474	SAT	0.868
w[11]	w_11_302038f51808	((Fraction(-1, 4), Fraction(0, 1), Fraction(0, 1), Fraction(1, 12)), (Fraction(0, 1), Fraction(1, 12), Fraction(1, 4), Fraction(0, 1)))	3	1.6	1.6	2758	17359	3644	SAT	0.920
w[11]^2	w_11^2_29684a31497f	((Fraction(5, 36), Fraction(0, 1), Fraction(0, 1), Fraction(1, 36)), (Fraction(0, 1), Fraction(7, 36), Fraction(1, 36), Fraction(0, 1)))	3	1.6	1.6	2862	17310	576	SAT	0.915
w[11]~	w_11~_f9d4c23eb7ed	((Fraction(13, 12), Fraction(0, 1), Fraction(0, 1), Fraction(-1, 12)), (Fraction(0, 1), Fraction(1, 12), Fraction(1, 12), Fraction(0, 1)))	3	1.6	1.6	2754	17225	3450	SAT	0.833
w[11]	w_11_ebd1cb8165f9	((Fraction(0, 1), Fraction(0, 1), Fraction(0, 1), Fraction(1, 6)), (Fraction(0, 1), Fraction(1, 6), Fraction(0, 1), Fraction(0, 1)))	3	1.6	1.6	2758	17359	3644	SAT	0.860
w[165]	w_165_edbe44c67c7b	((Fraction(191, 332), Fraction(0, 1), Fraction(0, 1), Fraction(0, 1), Fraction(0, 1), Fraction(-29, 332), Fraction(0, 1), Fraction(0, 1)), (Fraction(0, 1), Fraction(91, 996), Fraction(0, 1), Fraction(0, 1), Fraction(245, 996), Fraction(0, 1), Fraction(0, 1), Fraction(0, 1)))	3	1.6	1.6	2881	8622	33	SAT	0.719
w[11]^2	w_11^2_ac38d2a90b1a	((Fraction(-17, 36), Fraction(0, 1), Fraction(0, 1), Fraction(1, 36)), (Fraction(0, 1), Fraction(-5, 36), Fraction(11, 36), Fraction(0, 1)))	3	1.6	1.6	2867	17342	570	SAT	0.922
w[165]~	w_165~_81a458d0e0c7	((Fraction(-289, 249), Fraction(0, 1), Fraction(0, 1), Fraction(0, 1), Fraction(0, 1), Fraction(14, 83), Fraction(0, 1), Fraction(0, 1)), (Fraction(0, 1), Fraction(-161, 498), Fraction(0, 1), Fraction(0, 1), Fraction(163, 498), Fraction(0, 1), Fraction(0, 1), Fraction(0, 1)))	3	1.6	1.6	2881	8622	33	SAT	0.756
w[165]	w_165_cacfd5cc2cfc	((Fraction(-409, 249), Fraction(0, 1), Fraction(0, 1), Fraction(0, 1), Fraction(0, 1), Fraction(82, 249), Fraction(0, 1), Fraction(0, 1)), (Fraction(0, 1), Fraction(-169, 249), Fraction(0, 1), Fraction(0, 1), Fraction(85, 249), Fraction(0, 1), Fraction(0, 1), Fraction(0, 1)))	3	1.6	1.6	2881	8622	33	SAT	0.953
w[165]~	w_165~_225d5af86331	((Fraction(-349, 332), Fraction(0, 1), Fraction(0, 1), Fraction(0, 1), Fraction(0, 1), Fraction(1, 12), Fraction(0, 1), Fraction(0, 1)), (Fraction(0, 1), Fraction(195, 332), Fraction(0, 1), Fraction(0, 1), Fraction(-29, 332), Fraction(0, 1), Fraction(0, 1), Fraction(0, 1)))	3	1.6	1.6	2881	8622	33	SAT	0.687
w[165]	w_165_b96e26df66a6	((Fraction(503, 498), Fraction(0, 1), Fraction(0, 1), Fraction(0, 1), Fraction(0, 1), Fraction(-1, 166), Fraction(0, 1), Fraction(0, 1)), (Fraction(0, 1), Fraction(-40, 249), Fraction(0, 1), Fraction(0, 1), Fraction(14, 83), Fraction(0, 1), Fraction(0, 1), Fraction(0, 1)))	3	1.6	1.6	2881	8622	32	SAT	0.735
w[165]~	w_165~_6757c0630c8f	((Fraction(-271, 996), Fraction(0, 1), Fraction(0, 1), Fraction(0, 1), Fraction(0, 1), Fraction(-27, 332), Fraction(0, 1), Fraction(0, 1)), (Fraction(0, 1), Fraction(-355, 332), Fraction(0, 1), Fraction(0, 1), Fraction(251, 996), Fraction(0, 1), Fraction(0, 1), Fraction(0, 1)))	3	1.6	1.6	2881	8622	33	SAT	0.651
w[165]^2	w_165^2_22d5e67a2e87	((Fraction(34757, 27556), Fraction(0, 1), Fraction(0, 1), Fraction(0, 1), Fraction(0, 1), Fraction(-7873, 82668), Fraction(0, 1), Fraction(0, 1)), (Fraction(0, 1), Fraction(-19675, 27556), Fraction(0, 1), Fraction(0, 1), Fraction(20331, 27556), Fraction(0, 1), Fraction(0, 1), Fraction(0, 1)))	3	1.6	1.6	2881	8622	32	SAT	0.670
w[165]	w_165_ea9663122c1b	((Fraction(-157, 249), Fraction(0, 1), Fraction(0, 1), Fraction(0, 1), Fraction(0, 1), Fraction(27, 166), Fraction(0, 1), Fraction(0, 1)), (Fraction(0, 1), Fraction(-164, 249), Fraction(0, 1), Fraction(0, 1), Fraction(1, 6), Fraction(0, 1), Fraction(0, 1), Fraction(0, 1)))	3	1.6	1.6	2881	8622	32	SAT	0.724
w[165]~	w_165~_371affefe07f	((Fraction(-14, 83), Fraction(0, 1), Fraction(0, 1), Fraction(0, 1), Fraction(0, 1), Fraction(41, 249), Fraction(0, 1), Fraction(0, 1)), (Fraction(0, 1), Fraction(1, 498), Fraction(0, 1), Fraction(0, 1), Fraction(-1, 498), Fraction(0, 1), Fraction(0, 1), Fraction(0, 1)))	3	1.6	1.6	2881	8622	33	SAT	0.657
w[165]^2	w_165^2_762ea2cee655	((Fraction(-132175, 82668), Fraction(0, 1), Fraction(0, 1), Fraction(0, 1), Fraction(0, 1), Fraction(7549, 82668), Fraction(0, 1), Fraction(0, 1)), (Fraction(0, 1), Fraction(46235, 82668), Fraction(0, 1), Fraction(0, 1), Fraction(-6885, 27556), Fraction(0, 1), Fraction(0, 1), Fraction(0, 1)))	3	1.6	1.6	2881	8622	31	SAT	0.709
w[165]^2	w_165^2_b7b5cb3fc2e5	((Fraction(-47221, 41334), Fraction(0, 1), Fraction(0, 1), Fraction(0, 1), Fraction(0, 1), Fraction(6559, 41334), Fraction(0, 1), Fraction(0, 1)), (Fraction(0, 1), Fraction(-7216, 20667), Fraction(0, 1), Fraction(0, 1), Fraction(6886, 20667), Fraction(0, 1), Fraction(0, 1), Fraction(0, 1)))	3	1.6	1.6	2881	8622	31	SAT	0.818
w[165]^2	w_165^2_4ad87ee4baf7	((Fraction(116105, 82668), Fraction(0, 1), Fraction(0, 1), Fraction(0, 1), Fraction(0, 1), Fraction(-6777, 27556), Fraction(0, 1), Fraction(0, 1)), (Fraction(0, 1), Fraction(7873, 82668), Fraction(0, 1), Fraction(0, 1), Fraction(-7873, 82668), Fraction(0, 1), Fraction(0, 1), Fraction(0, 1)))	3	1.6	1.6	2881	8622	31	SAT	0.782
t28^2	t28^2_168bf7b74b20	((Fraction(-4933, 9408), Fraction(0, 1), Fraction(0, 1), Fraction(673, 9408), Fraction(55, 3136), Fraction(0, 1), Fraction(0, 1), Fraction(-55, 9408)), (Fraction(0, 1), Fraction(895, 9408), Fraction(-895, 9408), Fraction(0, 1), Fraction(0, 1), Fraction(-275, 9408), Fraction(55, 3136), Fraction(0, 1)))	3	1.6	1.6	2881	17244	65	SAT	1.649
t28^2	t28^2_f53e8f642a4e	((Fraction(12995, 9408), Fraction(0, 1), Fraction(0, 1), Fraction(-747, 3136), Fraction(0, 1), Fraction(0, 1), Fraction(0, 1), Fraction(0, 1)), (Fraction(0, 1), Fraction(1, 12), Fraction(-1, 12), Fraction(0, 1), Fraction(0, 1), Fraction(55, 3136), Fraction(-55, 3136), Fraction(0, 1)))	3	1.6	1.6	2881	17244	62	SAT	2.092
t28^2	t28^2_a36ca42baa00	((Fraction(-3025, 18816), Fraction(0, 1), Fraction(0, 1), Fraction(3025, 18816), Fraction(55, 6272), Fraction(0, 1), Fraction(0, 1), Fraction(55, 18816)), (Fraction(0, 1), Fraction(37, 6272), Fraction(37, 6272), Fraction(0, 1), Fraction(0, 1), Fraction(-55, 18816), Fraction(55, 6272), Fraction(0, 1)))	3	1.6	1.6	2881	17244	60	SAT	1.677
t28^2	t28^2_9065f2c66d2e	((Fraction(-20953, 18816), Fraction(0, 1), Fraction(0, 1), Fraction(3025, 18816), Fraction(55, 6272), Fraction(0, 1), Fraction(0, 1), Fraction(-55, 6272)), (Fraction(0, 1), Fraction(-6161, 18816), Fraction(5939, 18816), Fraction(0, 1), Fraction(0, 1), Fraction(-165, 6272), Fraction(55, 6272), Fraction(0, 1)))	3	1.6	1.6	2881	17244	56	SAT	2.114
w[15]	w_15_a3604dc5f7e1	((Fraction(-5, 32), Fraction(0, 1), Fraction(1, 32), Fraction(0, 1), Fraction(0, 1), Fraction(5, 32), Fraction(0, 1), Fraction(1, 96)), (Fraction(0, 1), Fraction(1, 96), Fraction(0, 1), Fraction(-1, 96), Fraction(1, 96), Fraction(0, 1), Fraction(1, 32), Fraction(0, 1)))	3	1.6	1.6	2881	17250	66	SAT	1.550
w[15]~	w_15~_f75f3edacf69	((Fraction(-5, 32), Fraction(0, 1), Fraction(-1, 32), Fraction(0, 1), Fraction(0, 1), Fraction(5, 32), Fraction(0, 1), Fraction(-1, 96)), (Fraction(0, 1), Fraction(1, 96), Fraction(0, 1), Fraction(1, 96), Fraction(1, 96), Fraction(0, 1), Fraction(-1, 32), Fraction(0, 1)))	3	1.6	1.6	2881	17250	66	SAT	1.821
w[15]^2	w_15^2_516ff521719e	((Fraction(227, 192), Fraction(0, 1), Fraction(0, 1), Fraction(0, 1), Fraction(0, 1), Fraction(-11, 64), Fraction(0, 1), Fraction(0, 1)), (Fraction(0, 1), Fraction(1, 12), Fraction(0, 1), Fraction(7, 64), Fraction(-1, 12), Fraction(0, 1), Fraction(-7, 64), Fraction(0, 1)))	3	1.6	1.6	2881	17244	60	SAT	1.570
w[15]~	w_15~_8bcefa172cd0	((Fraction(-9, 32), Fraction(0, 1), Fraction(5, 32), Fraction(0, 1), Fraction(0, 1), Fraction(7, 96), Fraction(0, 1), Fraction(-1, 32)), (Fraction(0, 1), Fraction(17, 32), Fraction(0, 1), Fraction(-1, 32), Fraction(-7, 32), Fraction(0, 1), Fraction(-1, 32), Fraction(0, 1)))	3	1.6	1.6	2881	17256	64	SAT	1.866
w[15]^2	w_15^2_ea36a3b78ee0	((Fraction(-49, 384), Fraction(0, 1), Fraction(7, 128), Fraction(0, 1), Fraction(0, 1), Fraction(49, 384), Fraction(0, 1), Fraction(7, 384)), (Fraction(0, 1), Fraction(5, 128), Fraction(0, 1), Fraction(-7, 384), Fraction(5, 128), Fraction(0, 1), Fraction(7, 128), Fraction(0, 1)))	3	1.6	1.6	2881	17244	60	SAT	1.647
t16~	t16~_7b057a35c57b	((Fraction(269, 192), Fraction(0, 1), Fraction(0, 1), Fraction(0, 1), Fraction(0, 1), Fraction(-47, 192), Fraction(0, 1), Fraction(0, 1)), (Fraction(0, 1), Fraction(1, 12), Fraction(-3, 64), Fraction(0, 1), Fraction(-1, 12), Fraction(0, 1), Fraction(0, 1), Fraction(1, 64)))	3	1.6	1.6	2881	17244	60	SAT	1.604
t16	t16_a37c8d1b773f	((Fraction(269, 192), Fraction(0, 1), Fraction(0, 1), Fraction(0, 1), Fraction(0, 1), Fraction(-47, 192), Fraction(0, 1), Fraction(0, 1)), (Fraction(0, 1), Fraction(1, 12), Fraction(3, 64), Fraction(0, 1), Fraction(-1, 12), Fraction(0, 1), Fraction(0, 1), Fraction(-1, 64)))	3	1.6	1.6	2881	17244	60	SAT	1.547
w[15]~	w_15~_1e8ff4544d1f	((Fraction(-23, 48), Fraction(0, 1), Fraction(-1, 16), Fraction(0, 1), Fraction(0, 1), Fraction(1, 16), Fraction(0, 1), Fraction(1, 48)), (Fraction(0, 1), Fraction(5, 48), Fraction(0, 1), Fraction(5, 48), Fraction(-5, 48), Fraction(0, 1), Fraction(-1, 16), Fraction(0, 1)))	3	1.6	1.6	2881	17246	62	SAT	1.568
w[15]^2	w_15^2_d6c869cc0d22	((Fraction(-37, 192), Fraction(0, 1), Fraction(7, 64), Fraction(0, 1), Fraction(0, 1), Fraction(1, 192), Fraction(0, 1), Fraction(-7, 192)), (Fraction(0, 1), Fraction(31, 192), Fraction(0, 1), Fraction(-35, 192), Fraction(-31, 192), Fraction(0, 1), Fraction(7, 64), Fraction(0, 1)))	3	1.6	1.6	2881	17244	60	SAT	1.489
t16^2	t16^2_9b6b1f054f64	((Fraction(4163, 3072), Fraction(0, 1), Fraction(0, 1), Fraction(0, 1), Fraction(0, 1), Fraction(-235, 1024), Fraction(0, 1), Fraction(0, 1)), (Fraction(0, 1), Fraction(1, 12), Fraction(93, 1024), Fraction(0, 1), Fraction(-1, 12), Fraction(0, 1), Fraction(0, 1), Fraction(-31, 1024)))	3	1.6	1.6	2881	17244	60	SAT	1.562
t16~	t16~_f4d936cc2742	((Fraction(-21, 128), Fraction(0, 1), Fraction(0, 1), Fraction(-1, 128), Fraction(0, 1), Fraction(21, 128), Fraction(-1, 128), Fraction(0, 1)), (Fraction(0, 1), Fraction(1, 384), Fraction(1, 128), Fraction(0, 1), Fraction(1, 384), Fraction(0, 1), Fraction(0, 1), Fraction(-1, 128)))	3	1.6	1.6	2881	17244	60	SAT	1.605
t16	t16_5d982269d5b5	((Fraction(-21, 128), Fraction(0, 1), Fraction(0, 1), Fraction(1, 128), Fraction(0, 1), Fraction(21, 128), Fraction(1, 128), Fraction(0, 1)), (Fraction(0, 1), Fraction(1, 384), Fraction(-1, 128), Fraction(0, 1), Fraction(1, 384), Fraction(0, 1), Fraction(0, 1), Fraction(1, 128)))	3	1.6	1.6	2881	17244	60	SAT	1.628
w[15]~	w_15~_9fe3b34607a4	((Fraction(65, 48), Fraction(0, 1), Fraction(0, 1), Fraction(0, 1), Fraction(0, 1), Fraction(-11, 48), Fraction(0, 1), Fraction(0, 1)), (Fraction(0, 1), Fraction(1, 12), Fraction(0, 1), Fraction(-1, 16), Fraction(-1, 12), Fraction(0, 1), Fraction(1, 16), Fraction(0, 1)))	3	1.6	1.6	2881	17244	60	SAT	1.536
w[15]^2	w_15^2_5b5621dd7b1c	((Fraction(-105, 128), Fraction(0, 1), Fraction(7, 128), Fraction(0, 1), Fraction(0, 1), Fraction(17, 384), Fraction(0, 1), Fraction(-7, 384)), (Fraction(0, 1), Fraction(-27, 128), Fraction(0, 1), Fraction(-77, 384), Fraction(27, 128), Fraction(0, 1), Fraction(7, 128), Fraction(0, 1)))	3	1.6	1.6	2881	17244	54	SAT	1.529
t16^2	t16^2_ce8fec204a32	((Fraction(-961, 6144), Fraction(0, 1), Fraction(0, 1), Fraction(31, 2048), Fraction(0, 1), Fraction(961, 6144), Fraction(31, 2048), Fraction(0, 1)), (Fraction(0, 1), Fraction(21, 2048), Fraction(-31, 2048), Fraction(0, 1), Fraction(21, 2048), Fraction(0, 1), Fraction(0, 1), Fraction(31, 2048)))	3	1.6	1.6	2881	17244	60	SAT	1.660
w[15]	w_15_d65cf2919d9d	((Fraction(-9, 32), Fraction(0, 1), Fraction(-5, 32), Fraction(0, 1), Fraction(0, 1), Fraction(7, 96), Fraction(0, 1), Fraction(1, 32)), (Fraction(0, 1), Fraction(17, 32), Fraction(0, 1), Fraction(1, 32), Fraction(-7, 32), Fraction(0, 1), Fraction(1, 32), Fraction(0, 1)))	3	1.6	1.6	2881	17256	64	SAT	5.662
t16~	t16~_25eec60b5dcc	((Fraction(-107, 192), Fraction(0, 1), Fraction(0, 1), Fraction(-1, 64), Fraction(0, 1), Fraction(5, 64), Fraction(1, 64), Fraction(0, 1)), (Fraction(0, 1), Fraction(17, 192), Fraction(5, 64), Fraction(0, 1), Fraction(-17, 192), Fraction(0, 1), Fraction(0, 1), Fraction(-1, 64)))	3	1.6	1.6	2881	17244	60	SAT	1.580
t16	t16_45427e75d1fc	((Fraction(-107, 192), Fraction(0, 1), Fraction(0, 1), Fraction(1, 64), Fraction(0, 1), Fraction(5, 64), Fraction(-1, 64), Fraction(0, 1)), (Fraction(0, 1), Fraction(17, 192), Fraction(-5, 64), Fraction(0, 1), Fraction(-17, 192), Fraction(0, 1), Fraction(0, 1), Fraction(1, 64)))	3	1.6	1.6	2881	17244	60	SAT	1.500
t16^2	t16^2_ecae45c90fd5	((Fraction(-1477, 3072), Fraction(0, 1), Fraction(0, 1), Fraction(31, 1024), Fraction(0, 1), Fraction(193, 3072), Fraction(-31, 1024), Fraction(0, 1)), (Fraction(0, 1), Fraction(319, 3072), Fraction(-155, 1024), Fraction(0, 1), Fraction(-319, 3072), Fraction(0, 1), Fraction(0, 1), Fraction(31, 1024)))	3	1.6	1.6	2881	17244	60	SAT	1.529
w[15]	w_15_ffe21626f6c2	((Fraction(-23, 48), Fraction(0, 1), Fraction(1, 16), Fraction(0, 1), Fraction(0, 1), Fraction(1, 16), Fraction(0, 1), Fraction(-1, 48)), (Fraction(0, 1), Fraction(5, 48), Fraction(0, 1), Fraction(-5, 48), Fraction(-5, 48), Fraction(0, 1), Fraction(1, 16), Fraction(0, 1)))	3	1.6	1.6	2881	17246	62	SAT	1.498
t16~	t16~_d1d17ee2d778	((Fraction(-469, 384), Fraction(0, 1), Fraction(0, 1), Fraction(-1, 128), Fraction(0, 1), Fraction(31, 384), Fraction(1, 128), Fraction(0, 1)), (Fraction(0, 1), Fraction(-95, 384), Fraction(11, 128), Fraction(0, 1), Fraction(95, 384), Fraction(0, 1), Fraction(0, 1), Fraction(-1, 128)))	3	1.6	1.6	2881	17244	54	SAT	1.502
t16	t16_e7594331fcb1	((Fraction(-469, 384), Fraction(0, 1), Fraction(0, 1), Fraction(1, 128), Fraction(0, 1), Fraction(31, 384), Fraction(-1, 128), Fraction(0, 1)), (Fraction(0, 1), Fraction(-95, 384), Fraction(-11, 128), Fraction(0, 1), Fraction(95, 384), Fraction(0, 1), Fraction(0, 1), Fraction(1, 128)))	3	1.6	1.6	2881	17244	54	SAT	1.615
t16^2	t16^2_7b04e45ab98e	((Fraction(-2329, 2048), Fraction(0, 1), Fraction(0, 1), Fraction(31, 2048), Fraction(0, 1), Fraction(449, 6144), Fraction(-31, 2048), Fraction(0, 1)), (Fraction(0, 1), Fraction(-491, 2048), Fraction(-341, 2048), Fraction(0, 1), Fraction(491, 2048), Fraction(0, 1), Fraction(0, 1), Fraction(31, 2048)))	3	1.6	1.6	2881	17244	54	SAT	1.509
w[15]	w_15_93e53c816b74	((Fraction(65, 48), Fraction(0, 1), Fraction(0, 1), Fraction(0, 1), Fraction(0, 1), Fraction(-11, 48), Fraction(0, 1), Fraction(0, 1)), (Fraction(0, 1), Fraction(1, 12), Fraction(0, 1), Fraction(1, 16), Fraction(-1, 12), Fraction(0, 1), Fraction(-1, 16), Fraction(0, 1)))	3	1.6	1.6	2881	17244	60	SAT	1.615
